<?xml version="1.0" encoding="UTF-8"?>
<beans xmlns="http://www.springframework.org/schema/beans"
       xmlns:context="http://www.springframework.org/schema/context"
       xmlns:aop="http://www.springframework.org/schema/aop"
       xmlns:tx="http://www.springframework.org/schema/tx"
       xmlns:xsi="http://www.w3.org/2001/XMLSchema-instance"
       xsi:schemaLocation="
       http://www.springframework.org/schema/beans http://www.springframework.org/schema/beans/spring-beans.xsd
       http://www.springframework.org/schema/context https://www.springframework.org/schema/context/spring-context.xsd
       http://www.springframework.org/schema/aop https://www.springframework.org/schema/aop/spring-aop.xsd
       http://www.springframework.org/schema/tx https://www.springframework.org/schema/tx/spring-tx.xsd
">
    <context:component-scan base-package="com.tjetc.service"></context:component-scan>
    <!--加载属性文件-->
    <context:property-placeholder location="classpath:db.properties"></context:property-placeholder>

    <bean class="com.alibaba.druid.pool.DruidDataSource" id="dataSource">
        <property name="driverClassName" value="${jdbc.driver}"></property>
        <property name="url" value="${jdbc.url}"></property>
        <property name="username" value="${jdbc.username}"></property>
        <property name="password" value="${jdbc.password}"></property>
    </bean>

    <bean class="org.mybatis.spring.SqlSessionFactoryBean" id="sqlSession">
        <property name="dataSource" ref="dataSource"></property>
        <property name="configLocation" value="classpath:mybatis.xml"></property>
    </bean>

    <bean class="org.mybatis.spring.mapper.MapperScannerConfigurer" id="configurer">
        <property name="sqlSessionFactoryBeanName" value="sqlSession"></property>
        <property name="basePackage" value="com.tjetc.mapper"></property>
    </bean>

    <bean class="org.springframework.jdbc.datasource.DataSourceTransactionManager" id="transactionManager">
        <property name="dataSource" ref="dataSource"></property>
    </bean>

    <tx:advice id="interceptor" transaction-manager="transactionManager">
        <tx:attributes>
            <tx:method name="add*" propagation="REQUIRED"/>
            <tx:method name="update*" propagation="REQUIRED"/>
            <tx:method name="del*" propagation="REQUIRED"/>
            <tx:method name="*" read-only="true"/>
        </tx:attributes>
    </tx:advice>
    <aop:config>
        <aop:pointcut id="myCut" expression="execution(* com.tjetc.service..*.*(..))"></aop:pointcut>
        <aop:advisor advice-ref="interceptor" pointcut-ref="myCut"></aop:advisor>
    </aop:config>

</beans>