[
  {
    "id" : "foot1",
    "text": "© 2010-2020 1688.com 版权所有"
  },{
    "id" : "foot1",
    "text": "关于阿里巴巴"
  },{
    "id" : "foot1",
    "text": "联系我们"
  },{
    "id" : "foot1",
    "text": "知识产权"
  },{
    "id" : "foot1",
    "text": "著作权与商标声明"
  },{
    "id" : "foot1",
    "text": "法律声明"
  },{
    "id" : "foot1",
    "text": "服务条款"
  },{
    "id" : "foot1",
    "text": "隐私政策"
  },{
    "id" : "foot1",
    "text": "网站导航"
  }

    ,{
    "id" : "foot2",
    "text": "阿里巴巴集团"
  },{
    "id" : "foot2",
    "text": "阿里巴巴国际站"
  },{
    "id" : "foot2",
    "text": "1688"
  },{
    "id" : "foot2",
    "text": "全球速卖通"
  },{
    "id" : "foot2",
    "text": "淘宝网"
  },{
    "id" : "foot2",
    "text": "天猫"
  },{
    "id" : "foot2",
    "text": "聚划算"
  },{
    "id" : "foot2",
    "text": "一淘"
  },{
    "id" : "foot2",
    "text": "飞猪"
  },{
    "id" : "foot2",
    "text": "阿里妈妈"
  },{
    "id" : "foot2",
    "text": "虾米"
  },{
    "id" : "foot2",
    "text": "阿里云计算"
  },{
    "id" : "foot2",
    "text": "YunOS"
  },{
    "id" : "foot2",
    "text": "阿里通信"
  },{
    "id" : "foot2",
    "text": "万网"
  },{
    "id" : "foot2",
    "text": "UC"
  },{
    "id" : "foot2",
    "text": "支付宝"
  },{
    "id" : "foot2",
    "text": "钉钉"
  },{
    "id" : "foot2",
    "text": "阿里健康"
  },{
    "id" : "foot2",
    "text": "一达通"
  },{
    "id" : "foot2",
    "text": "Lazada"
  }
]
