[
  {
    "id" : "nav111",
    "class" : "navli01",
    "text" : "女装 男装<span>></span>"
  },{
  "id" : "nav111",
  "class" : "navli02",
  "text" : "鞋靴 箱包<span>></span>"
},{
  "id" : "nav111",
  "class" : "navli03",
  "text" : "童装 母婴 玩具<span>></span>"
},{
  "id" : "nav111",
  "class" : "navli04",
  "text" : "内衣 配饰<span>></span>"
},{
  "id" : "nav111",
  "class" : "navli05",
  "text" : "运动服饰 运动装备<span>></span>"
},{
  "id" : "nav111",
  "class" : "navli06",
  "text" : "个护家清<span>></span>"
},{
  "id" : "nav111",
  "class" : "navli07",
  "text" : "美妆 日化<span>></span>"
},{
  "id" : "nav111",
  "class" : "navli08",
  "text" : "3C 手机 家电<span>></span>"
},{
  "id" : "nav111",
  "class" : "navli09",
  "text" : "家纺家饰 家装建材<span>></span>"
},{
  "id" : "nav111",
  "class" : "navli10",
  "text" : "包装 办公文教 纸业<span>></span>"
},{
  "id" : "nav111",
  "class" : "navli11",
  "text" : "工艺 品宠物 园艺<span>></span>"
},{
  "id" : "nav111",
  "class" : "navli12",
  "text" : "食品饮料 餐饮生鲜<span>></span>"
},{
  "id" : "nav111",
  "class" : "navli13",
  "text" : "日用 百货<span>></span>"
},{
  "id" : "nav111",
  "class" : "navli14",
  "text" : "汽车用品 汽摩配件<span>></span>"
},{
  "id" : "nav111",
  "class" : "navli15",
  "text" : "纺织 皮革 机械五金<span>></span>"
},{
  "id" : "nav111",
  "class" : "navli16",
  "text" : "电工 电器 防护 照明<span>></span>"
},{
  "id" : "nav111",
  "class" : "navli17",
  "text" : "仪表 化工橡塑 钢材<span>></span>"
}
]
