[
  {
    "id" : "showNavli01",
    "div" : "showNavli01div1",
    "name" : "广州潮流"
  },{
    "id" : "showNavli01",
    "div" : "showNavli01div1",
    "name" : "深圳轻奢"
  },{
    "id" : "showNavli01",
    "div" : "showNavli01div1",
    "name" : "嘉兴毛衫"
  },{
    "id" : "showNavli01",
    "div" : "showNavli01div1",
    "name" : "杭产女装"
  },{
    "id" : "showNavli01",
    "div" : "showNavli01div1",
    "name" : "苏鲁优选"
  },{
    "id" : "showNavli01",
    "div" : "showNavli01div1",
    "name" : "东莞时尚"
  },{
    "id" : "showNavli01",
    "div" : "showNavli01div1",
    "name" : "杭产女装"
  },{
    "id" : "showNavli01",
    "div" : "showNavli01div1",
    "name" : "针织开衫"
  },{
    "id" : "showNavli01",
    "div" : "showNavli01div1",
    "name" : "打底裤"
  },{
    "id" : "showNavli01",
    "div" : "showNavli01div1",
    "name" : "连衣裙"
  },{
    "id" : "showNavli01",
    "div" : "showNavli01div1",
    "name" : "休闲裤"
  },{
    "id" : "showNavli01",
    "div" : "showNavli01div1",
    "name" : "套装"
  },{
    "id" : "showNavli01",
    "div" : "showNavli01div1",
    "name" : "背心/吊带"
  },{
    "id" : "showNavli01",
    "div" : "showNavli01div1",
    "name" : "风衣"
  },{
    "id" : "showNavli01",
    "div" : "showNavli01div1",
    "name" : "卫衣"
  },{
    "id" : "showNavli01",
    "div" : "showNavli01div1",
    "name" : "特色产地馆"
  },{
    "id" : "showNavli01",
    "div" : "showNavli01div1",
    "name" : "牛仔裤"
  },{
    "id" : "showNavli01",
    "div" : "showNavli01div1",
    "name" : "大码女装"
  }

  ,{
      "id" : "showNavli01",
      "div" : "showNavli01div2",
      "name" : "精选实商"
  },{
    "id" : "showNavli01",
    "div" : "showNavli01div2",
    "name" : "棉服"
  },{
    "id" : "showNavli01",
    "div" : "showNavli01div2",
    "name" : "羽绒服"
  },{
    "id" : "showNavli01",
    "div" : "showNavli01div2",
    "name" : "毛呢大衣"
  },{
    "id" : "showNavli01",
    "div" : "showNavli01div2",
    "name" : "毛衫"
  },{
    "id" : "showNavli01",
    "div" : "showNavli01div2",
    "name" : "精选实商"
  },{
    "id" : "showNavli01",
    "div" : "showNavli01div2",
    "name" : "夹克"
  },{
    "id" : "showNavli01",
    "div" : "showNavli01div2",
    "name" : "加厚卫衣"
  },{
    "id" : "showNavli01",
    "div" : "showNavli01div2",
    "name" : "长袖T恤"
  },{
    "id" : "showNavli01",
    "div" : "showNavli01div2",
    "name" : "加绒衬衫"
  },{
    "id" : "showNavli01",
    "div" : "showNavli01div2",
    "name" : "休闲裤"
  },{
    "id" : "showNavli01",
    "div" : "showNavli01div2",
    "name" : "牛仔裤"
  },{
    "id" : "showNavli01",
    "div" : "showNavli01div2",
    "name" : "广告定制"
  },{
    "id" : "showNavli01",
    "div" : "showNavli01div2",
    "name" : "西装"
  },{
    "id" : "showNavli01",
    "div" : "showNavli01div2",
    "name" : "马甲"
  },{
    "id" : "showNavli01",
    "div" : "showNavli01div2",
    "name" : "皮衣"
  },{
    "id" : "showNavli01",
    "div" : "showNavli01div2",
    "name" : "西服套装"
  },{
    "id" : "showNavli01",
    "div" : "showNavli01div2",
    "name" : "休闲套装"
  },{
    "id" : "showNavli01",
    "div" : "showNavli01div2",
    "name" : "大码男装"
  },{
    "id" : "showNavli01",
    "div" : "showNavli01div2",
    "name" : "中老年"
  }
]
