<?xml version="1.0" encoding="utf-8" ?>
<!DOCTYPE mapper PUBLIC "-//mybatis.org//DTD Mapper 3.0//EN" "http://mybatis.org/dtd/mybatis-3-mapper.dtd" >
<mapper namespace="com.tjetc.mapper.AcknowledgementOrderMapper">
    <insert id="addSubmit" parameterType="acknowledgementOrder">
        insert into acknowledgementOrder (order_id,order_status) values (#{order_id},#{order_status});
    </insert>

    <select id="selectByOrderStatus" parameterType="string" resultType="acknowledgementOrder">
        select * from acknowledgementOrder where order_status=#{order_status};
    </select>

    <update id="updateOrderStatus" parameterType="string">
        update acknowledgementOrder set order_status = #{order_status};
    </update>

    <delete id="deleteById" parameterType="int">
        delete from acknowledgementOrder where id=#{id}
    </delete>
</mapper>