<?xml version="1.0" encoding="utf-8" ?>
<!DOCTYPE mapper PUBLIC "-//mybatis.org//DTD Mapper 3.0//EN" "http://mybatis.org/dtd/mybatis-3-mapper.dtd" >
<mapper namespace="com.tjetc.mapper.AddressRegionMapper">

    <insert id="add" parameterType="addressRegion">
        insert into addressRegion (provinces_cities) values (#{provinces_cities});
    </insert>

    <select id="listByAndName" parameterType="map" resultType="addressRegion">
        select * from addressRegion
        <where>
            <if test="address!=''">
                and provinces_cities like concat('%',#{provinces_cities},'%')
            </if>

        </where>
    </select>

    <select id="findById" parameterType="int" resultType="addressRegion">
        select * from addressRegion where id=#{id};
    </select>

    <select id="selectByAddressRegion" resultType="addressRegion">
        select * from addressRegion
    </select>

    <update id="updateById" parameterType="addressRegion">
        update addressRegion set provinces_cities = #{provinces_cities} where id=#{id}
    </update>

    <delete id="delById" parameterType="int">
        delete from  addressRegion where id=#{id}
    </delete>

</mapper>