<?xml version="1.0" encoding="utf-8" ?>
<!DOCTYPE mapper PUBLIC "-//mybatis.org//DTD Mapper 3.0//EN" "http://mybatis.org/dtd/mybatis-3-mapper.dtd" >
<mapper namespace="com.tjetc.mapper.AddressMapper">

    <insert id="addAddress" parameterType="address">
        insert into address (user_id,user_name,user_phone,provinces_cities,city_county,tTown,detail,default_address) values (#{user_id},#{user_name},#{user_phone},#{provinces_cities},#{city_county},#{tTown},#{detail},#{default_address});
    </insert>

    <select id="listByAndName"  resultType="address">
        select * from address
        <where>
            <if test="userName!=''">
                and user_name=#{userName}
            </if>
            <if test="userPhone!=''">
                and user_phone=#{userPhone}
            </if>
            <if test="provinces_cities!=''">
                and provinces_cities=#{provinces_cities}
            </if>
            <if test="city_county!=''">
                and city_county=#{city_county}
            </if>
            <if test="tTown!=''">
                and tTown=#{tTown}
            </if>
            <if test="detail!=''">
                and detail=#{detail}
            </if>
        </where>
    </select>

    <select id="findById" parameterType="int" resultType="address">
        select * from address where  id=#{id}
    </select>

    <select id="selectAddress" parameterType="int" resultType="address">
        select * from address where user_id = #{user_id}
    </select>

    <select id="selectAddressDefaultByUid" parameterType="int" resultType="address">
        select * from address where user_id=#{uid} and default_address='1'
    </select>

    <update id="updateById" parameterType="address">
        update address set user_id = #{user_id},user_name=#{user_name}, user_phone=#{user_phone},provinces_cities=#{provinces_cities},city_county=#{city_county},tTown=#{tTown},detail=#{detail} where id=#{id};
    </update>

    <update id="updateByDefaultAddress" parameterType="map">
        update address set default_address = #{defaultAddress} where user_id=#{uid};
    </update>

    <delete id="delById" parameterType="int">
        delete from address where id=#{id}
    </delete>

</mapper>