<?xml version="1.0" encoding="utf-8" ?>
<!DOCTYPE mapper PUBLIC "-//mybatis.org//DTD Mapper 3.0//EN" "http://mybatis.org/dtd/mybatis-3-mapper.dtd" >
<mapper namespace="com.tjetc.mapper.AdminMapper">
    <insert id="add" parameterType="admin">
        insert  into admin(name,username,password,age,sex,phone,photopath,permission) values(#{name},#{username},#{password},#{age},#{sex},#{phone},#{photopath},#{permission})
    </insert>

    <select id="listByName" parameterType="map" resultType="admin">
        select * from admin where name like concat('%',#{name},'%') and username != #{username}
    </select>

    <select id="findById" parameterType="int" resultType="admin">
        select * from admin where id=#{id};
    </select>

    <select id="selectByUsernameAndPassword" parameterType="map" resultType="admin">
        select * from admin where username=#{username} and password=#{password};
    </select>

    <select id="selectUserNameByPhone" parameterType="map" resultType="admin">
        select * from admin where username=#{username} and phone=#{phone}
    </select>


    <select id="selectByMapProduct" parameterType="com.alibaba.fastjson.JSONObject" resultType="com.alibaba.fastjson.JSONObject">
        select * from admin_copy
        <where>
            <if test="name!=null and name != ''">
                and name=#{name}
            </if>
        </where>
    </select>


    <update id="updateById" parameterType="admin">
        update admin set name=#{name},username=#{username},password=#{password},age=#{age},sex=#{sex},phone=#{phone},photopath=#{photopath} where id=#{id}
    </update>

    <update id="updateAdminPasswordById" parameterType="admin">
        update admin set password = #{password} where id=#{id};
    </update>

    <delete id="delById" parameterType="int">
        delete from admin where id=#{id}
    </delete>


</mapper>