<?xml version="1.0" encoding="utf-8" ?>
<!DOCTYPE mapper PUBLIC "-//mybatis.org//DTD Mapper 3.0//EN" "http://mybatis.org/dtd/mybatis-3-mapper.dtd" >
<mapper namespace="com.tjetc.mapper.BusinessMapper">

    <insert id="add" parameterType="Business">
        insert into business (business_name,balance) values (#{business_name},#{balance});
    </insert>

    <select id="selectByCompanies" parameterType="string" resultType="Business">
        select * from business where business_name=#{companies};
    </select>

    <select id="selectByBusinessName" parameterType="string" resultType="Business">
        select * from business where business_name like concat('%',#{business_name},'%')
    </select>

    <select id="findById" parameterType="int" resultType="Business">
        select * from business where id=#{id};
    </select>

    <update id="updateById" parameterType="Business">
        update business set business_name = #{business_name},balance=#{balance} where id=#{id};
    </update>

    <update id="updateByBalance" parameterType="Business">
        update business set balance = #{balance} where business_name=#{business_name};
    </update>

    <delete id="deleteById" parameterType="int">
        delete from business where id=#{id}
    </delete>
</mapper>