<?xml version="1.0" encoding="utf-8" ?>
<!DOCTYPE mapper PUBLIC "-//mybatis.org//DTD Mapper 3.0//EN" "http://mybatis.org/dtd/mybatis-3-mapper.dtd" >
<mapper namespace="com.tjetc.mapper.CityCountyMapper">

    <insert id="add" parameterType="CityCounty">
        insert into cityCounty (provinces_cities,city_county) values (#{provinces_cities},#{city_county});
    </insert>

    <select id="selectByName" parameterType="map" resultType="CityCounty">
        select * from cityCounty
        <where>
            <if test="provinces_cities!=''">
                and provinces_cities like concat('%',#{provinces_cities},'%')
            </if>
            <if test="city_county!=''">
                and city_county like concat('%',#{city_county},'%')
            </if>
        </where>
    </select>

    <select id="selectById" parameterType="int" resultType="cityCounty">
        select * from cityCounty where id=#{id};
    </select>

    <select id="selectByCtyCounty" parameterType="string" resultType="cityCounty">
        select * from cityCounty where provinces_cities like concat('%',#{provinces_cities},'%')
    </select>

    <update id="updateById" parameterType="CityCounty">
        update cityCounty set provinces_cities = #{provinces_cities},city_county=#{city_county} where id=#{id};
    </update>

    <delete id="delById" parameterType="int">
        delete from cityCounty where id=#{id}
     </delete>

</mapper>