<?xml version="1.0" encoding="utf-8" ?>
<!DOCTYPE mapper PUBLIC "-//mybatis.org//DTD Mapper 3.0//EN" "http://mybatis.org/dtd/mybatis-3-mapper.dtd" >
<mapper namespace="com.tjetc.mapper.CollectionNowMapper">
    <insert id="addCollectionNow" parameterType="collectionNow">
        insert into collectionnow (user_id,product_id) values (#{user_id},#{product_id});
    </insert>

    <select id="selectByUserCollectionNow" parameterType="int" resultMap="resultMapCollectionNow">
        select * from collectionnow where user_id = #{user_id};
    </select>

    <resultMap id="resultMapCollectionNow" type="collectionNow">
        <association property="product" column="product_id" select="com.tjetc.mapper.ProductMapper.selectByProductId"></association>
        <association property="user" column="user_id" select="com.tjetc.mapper.UserMapper.selectByUserId"></association>
    </resultMap>

    <select id="selectByPidAndUid" parameterType="collectionNow" resultType="collectionNow">
        select * from collectionnow where user_id=#{user_id} and product_id=#{product_id};
    </select>

    <delete id="deleteById" parameterType="int">
        delete from collectionnow where id=#{id}
    </delete>
</mapper>