<?xml version="1.0" encoding="utf-8" ?>
<!DOCTYPE mapper PUBLIC "-//mybatis.org//DTD Mapper 3.0//EN" "http://mybatis.org/dtd/mybatis-3-mapper.dtd" >
<mapper namespace="com.tjetc.mapper.EvaluationMapper">
    <insert id="addEvaluation" parameterType="Evaluation">
        insert into evaluation (user_id,product_id,order_id,content,photopath,eDate) values (#{user_id},#{product_id},#{order_id},#{content},#{photopath},#{eDate});
    </insert>

    <select id="selectByIdAndOrderDetail" parameterType="int" resultMap="resultMapEvaluation">
        select * from evaluation where product_id=#{product_id}
    </select>

    <resultMap id="resultMapEvaluation" type="Evaluation">
        <association property="product" column="product_id" select="com.tjetc.mapper.ProductMapper.selectByIdAndOrderDetail"></association>
        <association property="user" column="user_id" select="com.tjetc.mapper.UserMapper.selectByUserId"></association>
    </resultMap>

</mapper>