<?xml version="1.0" encoding="utf-8" ?>
<!DOCTYPE mapper PUBLIC "-//mybatis.org//DTD Mapper 3.0//EN" "http://mybatis.org/dtd/mybatis-3-mapper.dtd" >
<mapper namespace="com.tjetc.mapper.MyCatMapper">

    <insert id="addByMyCat" parameterType="map">
        insert into mycat (user_id,product_id,patten,size,brand) values (#{user_id},#{product_id},#{patten},#{size},#{brand});
    </insert>

    <select id="selectByPidAndUid" parameterType="myCat" resultType="myCat">
        select * from mycat where user_id=#{user_id} and product_id=#{product_id};
    </select>

    <select id="selectByMyCat" parameterType="int" resultMap="myCatMap">
        select * from mycat where user_id=#{user_id};
    </select>

    <resultMap id="myCatMap" type="myCat">
        <id column="id" property="id"></id>
        <result column="name" property="name"></result>
        <association property="product" column="product_id" select="com.tjetc.mapper.ProductMapper.selectByProductId"></association>
        <association property="user" column="user_id" select="com.tjetc.mapper.UserMapper.selectByUserId"></association>
    </resultMap>

    <select id="selectUIdByPId" parameterType="map" resultType="myCat">
        select * from mycat where product_id=#{product_id} and user_id=#{user_id};
    </select>

    <select id="selectByMyCartId" parameterType="int" resultType="myCat">
        select * from mycat where id=#{myCart_id};
    </select>

    <select id="findByMyCartId" parameterType="int" resultMap="myCatResultMap">
        select * from mycat where id=#{id}
    </select>

    <resultMap id="myCatResultMap" type="myCat">
        <association property="product" column="product_id" select="com.tjetc.mapper.ProductMapper.selectByIdAndOrderDetail"></association>
    </resultMap>

    <update id="updateMyCart" parameterType="myCat">
        update mycat set size = #{size},patten=#{patten} where id=#{id};
    </update>

    <delete id="delById" parameterType="int">
        delete from mycat where id=#{id}
    </delete>

    <delete id="delByUIdAndPId" parameterType="myCat">
        delete from mycat where user_id=#{user_id} and product_id=#{product_id}
    </delete>

</mapper>