<?xml version="1.0" encoding="utf-8" ?>
<!DOCTYPE mapper PUBLIC "-//mybatis.org//DTD Mapper 3.0//EN" "http://mybatis.org/dtd/mybatis-3-mapper.dtd" >
<mapper namespace="com.tjetc.mapper.OrderMapper">

    <insert id="addSettleAccounts" parameterType="Order">
        insert into orders (myCart_id,uid,pid,pCount,sumPCount,subtotal,state,orderDate,order_status,size,patten,brand) values (#{myCart_id},#{uid},#{pid},#{pCount},#{sumPCount},#{subtotal},#{state},#{OrderDate},#{order_status},#{size},#{patten},#{brand})
    </insert>
    

    <select id="selectByMyCartId" parameterType="map" resultMap="resultOrderMap">
        select * from orders where myCart_id=#{myCart_id} and uid=#{uid}
    </select>

    <resultMap id="resultOrderMap" type="order">
        <id column="id" property="id"></id>
        <result column="name" property="name"></result>
        <association property="product" column="pid" select="com.tjetc.mapper.ProductMapper.selectByPId"></association>
        <association property="user" column="uid" select="com.tjetc.mapper.UserMapper.selectByUId"></association>
        <association property="myCat" column="myCart_id" select="com.tjetc.mapper.MyCatMapper.selectByMyCartId"></association>
    </resultMap>

    <select id="selectByUserId" parameterType="int" resultType="order">
        select * from orders where uid=#{userId}
    </select>

    <select id="selectUserOrders" parameterType="map" resultType="order">
        select * from orders
        <where>
            and order_status != '已收货' and order_status!='已退货' and state = '已支付'
            <if test="uid!=0">
                and uid like concat('%',#{uid},'%')
            </if>
            <if test="pid!=0">
                and pid=#{pid}
            </if>
            <if test="state!=''">
                and state=#{state}
            </if>
            <if test="order_status!=''">
                and order_status=#{order_status}
            </if>
            <if test="user_name!=''">
                and user_name=#{user_name}
            </if>
            <if test="user_phone!=''">
                and user_phone=#{user_phone}
            </if>
            <if test="provinces_cities!=''">
                and provinces_cities=#{provinces_cities}
            </if>
            <if test="city_county!=''">
                and city_county=#{city_county}
            </if>
            <if test="tTown!=''">
                and tTown=#{tTown}
            </if>
            <if test="detail!=''">
                and detail= detail like concat('%',#{detail},'%')
            </if>
        </where>
    </select>


    <select id="selectOrderByNameLayui" parameterType="map" resultMap="orderResultMap">
        select * from orders
        <where>
            and order_status != '已收货'
            <if test="uid!=0">
                and uid like concat('%',#{uid},'%')
            </if>
            <if test="pid!=0">
                and pid=#{pid}
            </if>
            <if test="state!=''">
                and state=#{state}
            </if>
            <if test="order_status!=''">
                and order_status=#{order_status}
            </if>
            <if test="user_name!=''">
                and user_name=#{user_name}
            </if>
            <if test="user_phone!=''">
                and user_phone=#{user_phone}
            </if>
            <if test="provinces_cities!=''">
                and provinces_cities=#{provinces_cities}
            </if>
            <if test="city_county!=''">
                and city_county=#{city_county}
            </if>
            <if test="tTown!=''">
                and tTown=#{tTown}
            </if>
            <if test="detail!=''">
                and detail= detail like concat('%',#{detail},'%')
            </if>
        </where>
    </select>

    <resultMap id="orderResultMap" type="order">
        <association property="product" column="pid" select="com.tjetc.mapper.ProductMapper.selectByPId"></association>
    </resultMap>

    <!-- order by user_phone desc  -->
    <select id="selectOrderStatus" parameterType="map" resultMap="orderStatusMap">
        select * from orders where order_status = #{order_status} and uid = #{uid}
    </select>

    <select id="selectState" parameterType="map" resultMap="orderStatusMap">
        select * from orders where state = #{state} and uid = #{uid}
    </select>

    <select id="selectByOrderEvaluate" parameterType="map" resultMap="orderStatusMap">
        select * from orders where order_evaluate=#{order_evaluate}  and uid = #{uid}
    </select>

    <resultMap id="orderStatusMap" type="order">
        <id column="id" property="id"></id>
        <result column="name" property="name"></result>
        <association property="product" column="pid" select="com.tjetc.mapper.ProductMapper.selectByPId"></association>
    </resultMap>

    <select id="selectByIdAndOrder" parameterType="int" resultType="order">
        select * from orders where id=#{id}
    </select>

    <select id="selectOrderApplyForRefundById" parameterType="int" resultMap="OrderApplyMap">
        select * from orders where id=#{id}
    </select>

    <resultMap id="OrderApplyMap" type="order">
        <id column="id" property="id"></id>
        <association property="product" column="pid" select="com.tjetc.mapper.ProductMapper.selectByPId"></association>
    </resultMap>

    <select id="selectOrderByReasonsRefund" resultMap="resultOrderMap">
        select * from orders where state='已支付' and order_status != '已收货' and reasonsRefund != 'null' and cargoStatus != 'null'
    </select>

    <select id="selectUserOrderByReason" parameterType="map" resultMap="orderResultMap">
        select * from orders where reasons_status != 'null' and  state='已支付' and order_status != '已收货'
    </select>

    <select id="selectOrderByExpeditingDelivery" resultMap="resultOrderMap">
        select * from orders where state='已支付' and order_status = '未发货' and expediting_delivery='01'
    </select>

    <update id="updateOrdersAddress" parameterType="order">
        update orders set user_name=#{user_name},user_phone=#{user_phone},provinces_cities=#{provinces_cities},city_county=#{city_county},tTown=#{tTown},detail=#{detail} where uid=#{uid} and myCart_id=#{myCart_id} and pid=#{pid};
    </update>

    <update id="updateOrderByState" parameterType="order">
        update orders set state = #{state},paymentDate = #{paymentDate} where id=#{id};
    </update>

    <update id="updateByIdOrderStatus" parameterType="order">
        update orders set order_status = #{order_status},expediting_delivery='00' where id=#{id};
    </update>

    <update id="updateOrderEvaluate" parameterType="order">
        update orders set order_evaluate = #{order_evaluate},order_status=#{order_status} where id=#{id};
    </update>

    <update id="updateOrderApplySubmit" parameterType="order">
        update orders set reasonsRefund = #{reasonsRefund},cargoStatus=#{cargoStatus},reasons_status='申请退货退款' where id=#{id};
    </update>
    
    <update id="updateByIdAndOrder" parameterType="order">
        update orders set brand = #{brand},size=#{size},patten=#{patten},pCount=#{pCount},subtotal=#{subtotal},sumPCount=#{sumPCount} where id=#{id};
    </update>

    <update id="updateOrderByIdAndStatedAndStatus" parameterType="order">
        update orders set state=#{state},order_status=#{order_status} where id=#{id}
    </update>

    <update id="updateOrdersExpeditingDelivery" parameterType="order">
        update orders set expediting_delivery = #{expediting_delivery} where id=#{id};
    </update>

    <delete id="deleteById" parameterType="int">
        delete from orders where id=#{order_id}
    </delete>

    <delete id="deleOrderByNoPayment" parameterType="map">
        delete from orders where state=#{state} and uid=#{uId}
    </delete>

</mapper>