<?xml version="1.0" encoding="utf-8" ?>
<!DOCTYPE mapper PUBLIC "-//mybatis.org//DTD Mapper 3.0//EN" "http://mybatis.org/dtd/mybatis-3-mapper.dtd" >
<mapper namespace="com.tjetc.mapper.OrderDetailMapper">
    <insert id="add" parameterType="OrderDetail">
        insert into orderDetail (brand,size,patten,year,target) values (#{brand},#{size},#{patten},#{year},#{target});
    </insert>

    <select id="listByName" parameterType="string" resultType="OrderDetail">
        select * from orderDetail where brand like concat('%',#{brand},'%')
    </select>

    <select id="listByNameS" parameterType="map" resultType="OrderDetail">
        select * from orderDetail
        <where>
            <if test="brand!=''">
                and brand like concat('%',#{brand},'%')
            </if>
            <if test="size!=''">
                and size like concat('%',#{size},'%')
            </if>
            <if test="patten!=''">
                and patten like concat('%',#{patten},'%')
            </if>
            <if test="year!=''">
                and year like concat('%',#{year},'%')
            </if>
            <if test="target!=''">
                and target like concat('%',#{target},'%')
            </if>

        </where>
    </select>

    <select id="findById" parameterType="int" resultType="OrderDetail">
        select * from orderDetail where  id=#{id};
    </select>

    <select id="selectByOrderId" parameterType="int" resultType="OrderDetail">
        select * from orderDetail where id=#{orderDetail_id};
    </select>

    <select id="selectOrderDetail" resultType="OrderDetail">
        select * from orderDetail;
    </select>

    <update id="updateById" parameterType="OrderDetail">
        update orderDetail set brand=#{brand},size=#{size},patten=#{patten},year=#{year},target=#{target}  where id=#{id};
    </update>

    <delete id="deleById" parameterType="int">
        delete from orderDetail where id=#{id}
    </delete>

</mapper>