<?xml version="1.0" encoding="utf-8" ?>
<!DOCTYPE mapper PUBLIC "-//mybatis.org//DTD Mapper 3.0//EN" "http://mybatis.org/dtd/mybatis-3-mapper.dtd" >
<mapper namespace="com.tjetc.mapper.ProductMapper">
    <insert id="add" parameterType="product">
        insert into product(name,price,count,photopath,briefly,details,type,companies,turnover) values (#{name},#{price},#{count},#{photopath},#{briefly},#{details},#{type},#{companies},#{turnover})
    </insert>

    <select id="listByName" parameterType="string" resultType="product">
        select * from product where name like concat('%',#{name},'%')
    </select>
    <select id="selectProduct" resultType="product">
        select * from product
    </select>

    <select id="findById" parameterType="int" resultType="product">
        select * from product where id=#{id}
    </select>


    <select id="selectByProductId" parameterType="int" resultType="product">
        select * from product where id=#{product_id}
    </select>

    <select id="selectByIdAndOrderDetail" parameterType="int" resultMap="orderDetailMap">
        select * from product where id=#{product_id}
    </select>

    <resultMap id="orderDetailMap" type="product">
        <id column="id" property="id"></id>
        <result column="name" property="name"></result>
        <association property="orderDetail" column="orderDetail_id" select="com.tjetc.mapper.OrderDetailMapper.selectByOrderId"></association>
    </resultMap>

    <select id="selectByPId" parameterType="int" resultType="product">
        select * from product where id=#{pid}
    </select>

    <select id="selectSearchByType" parameterType="string" resultType="product">
        select * from product where type like concat('%',#{type},'%')
    </select>

    <select id="selectProvince" resultType="string">
        select t.PROV_CODE from t_sys_prov t
    </select>


    <update id="updateById" parameterType="product">
        update product set name=#{name},price=#{price},count=#{count},photopath=#{photopath},briefly=#{briefly},details=#{details},type=#{type},companies=#{companies},turnover=#{turnover} where id=#{id}
    </update>
    <delete id="deleteById" parameterType="int">
        delete from product where id=#{id}
    </delete>
</mapper>