<?xml version="1.0" encoding="utf-8" ?>
<!DOCTYPE mapper PUBLIC "-//mybatis.org//DTD Mapper 3.0//EN" "http://mybatis.org/dtd/mybatis-3-mapper.dtd" >
<mapper namespace="com.tjetc.mapper.ProvisionalMapper">

    <insert id="add" parameterType="Provisional">
        insert into provisional (myCart_id,user_id,product_id,count,myCat_status) values (#{myCart_id},#{user_id},#{product_id},#{count},#{myCat_status});
    </insert>


    <select id="selectByProvisional" parameterType="int" resultType="Provisional">
        select * from provisional where user_id=#{user_id};
    </select>

    <select id="selectByProvisional2" resultType="Provisional">
        select * from provisional;
    </select>

    <select id="selectByUserId" parameterType="int" resultType="Provisional">
        select * from provisional where user_id=#{user_id};
    </select>

    <delete id="delByUid" parameterType="int">
        delete from provisional user_id=#{uid}
    </delete>

    <delete id="deleteByMyCartId" parameterType="int">
        delete from provisional where myCart_id=#{myCart_id}
    </delete>

    <delete id="delByPIdAndUId" parameterType="Provisional">
        delete from provisional where user_id=#{user_id} and product_id=#{product_id}
    </delete>

    <delete id="deletes">
        delete from provisional;
    </delete>
</mapper>