<?xml version="1.0" encoding="utf-8" ?>
<!DOCTYPE mapper PUBLIC "-//mybatis.org//DTD Mapper 3.0//EN" "http://mybatis.org/dtd/mybatis-3-mapper.dtd" >
<mapper namespace="com.tjetc.mapper.TownMapper">
    <insert id="add" parameterType="town">
        insert into town (provinces_cities,city_county,tTown) values (#{provinces_cities},#{city_county},#{tTown});
    </insert>

    <select id="selectByName" parameterType="map" resultType="town">
        select * from town
        <where>
            <if test="provinces_cities!=''">
                and provinces_cities like concat('%',#{provinces_cities},'%')
            </if>
            <if test="city_county!=''">
                and city_county like concat('%',#{city_county},'%')
            </if>
            <if test="tTown!=''">
                and tTown = #{tTown}
            </if>
        </where>
    </select>

    <select id="selectById" parameterType="int" resultType="town">
        select * from town where id=#{id};
    </select>

    <select id="selectByTTownAndCityCounty" parameterType="string" resultType="town">
        select * from town where city_county = #{city_county};
    </select>

    <update id="updateById" parameterType="town">
        update town set provinces_cities=#{provinces_cities},city_county=#{city_county},tTown=#{tTown} where id=#{id};
    </update>

    <delete id="delById" parameterType="int">
        delete from town where id=#{id}
    </delete>

</mapper>