<?xml version="1.0" encoding="utf-8" ?>
<!DOCTYPE mapper PUBLIC "-//mybatis.org//DTD Mapper 3.0//EN" "http://mybatis.org/dtd/mybatis-3-mapper.dtd" >
<mapper namespace="com.tjetc.mapper.TypeMapper">

    <insert id="add" parameterType="type">
        insert into type (id,product_type) values (#{id},#{product_type});
    </insert>

    <select id="listByName" parameterType="map" resultType="type">
        select * from type
        <where>
            <if test="product_type!=''">
                and product_type like concat('%',#{product_type},'%')
            </if>
        </where>
    </select>

    <select id="findById" parameterType="int" resultType="type">
        select * from type where id=#{id}
    </select>

    <select id="selectByProductType" resultType="type">
        select * from type
    </select>

    <select id="selectProductByType" parameterType="string" resultType="type">
        select * from type where product_type like concat('%',#{type},'%')

    </select>

    <update id="updateById" parameterType="type">
        update type set product_type = #{product_type} where id=#{id}
    </update>

    <delete id="delById" parameterType="int">
        delete from type where id=#{id}
    </delete>


</mapper>