<?xml version="1.0" encoding="utf-8" ?>
<!DOCTYPE mapper PUBLIC "-//mybatis.org//DTD Mapper 3.0//EN" "http://mybatis.org/dtd/mybatis-3-mapper.dtd" >
<mapper namespace="com.tjetc.mapper.UserMapper">

    <insert id="addUser" parameterType="user">
        insert into user (name,username,password,phone,sex,photopath,payment,user_money,grade,address,address_cityPicker,address_detail,register_date)
         values (#{name},#{username},#{password},#{phone},#{sex},#{photopath},#{payment},#{user_money},#{grade},#{address},#{address_cityPicker},#{address_detail},#{register_date});
    </insert>

    <select id="selectByUserObject" parameterType="map" resultType="user">
        select * from user
        <where>
            <if test="username!=''">
               and username=#{username}
            </if>
            <if test="phone!=''">
               and phone=#{phone}
            </if>
        </where>
    </select>

    <select id="listByName" parameterType="string" resultType="user">
        select * from user where name like concat('%',#{name},'%')
    </select>

    <select id="findById" parameterType="int" resultType="user">
        select * from user where id=#{id};
    </select>

    <select id="selectByUserId" parameterType="int" resultType="user">
        select * from user where id=#{user_id};
    </select>

    <select id="selectUsernameAndPassword" parameterType="map" resultType="user">
        select * from user
        <where>
            <if test="username!=''">
                and username=#{username}
            </if>
            <!--<if test="username!=''">
                and phone=#{username}
            </if>-->
        </where>
        and password=#{password}
    </select>

    <select id="selectByUId" parameterType="int" resultType="user">
        select * from user where id=#{uid};
    </select>

    <select id="findByUsername" parameterType="string" resultType="user">
        select * from user where username=#{username};
    </select>

    <update id="updateByUserMoney" parameterType="user">
        update user set user_money = #{user_money} where id=#{id};
    </update>

    <update id="updateByUserPaymentPassword" parameterType="user">
        update user set payment = #{payment} where id=#{id};
    </update>

    <update id="updateById" parameterType="user">
        update user set name=#{name},username=#{username},phone=#{phone},sex=#{sex},photopath=#{photopath},address=#{address},address_cityPicker=#{address_cityPicker},address_detail=#{address_detail}  where id=#{id};
    </update>

    <update id="updateUserAndPassword" parameterType="user">
        update user set password = #{password} where id=#{id};
    </update>

    <update id="updateUserGrade" parameterType="user">
        update user set grade = #{grade} where id=#{id};
    </update>

    <update id="updateUserRechargeAndMoney" parameterType="user">
        update user set user_money = #{user_money} where id=#{id};
    </update>

    <delete id="delById" parameterType="int">
        delete from user where id=#{id}
    </delete>

</mapper>